01_ath_proximity_extension_gemini,80
02_parabolic_blowoff_signature_gemini,120
03_family_3_gemini,120
04_family_4_gemini,120
05_family_5_gemini,120
06_family_6_gemini,120
07_family_7_gemini,120
08_family_8_gemini,120
09_family_9_gemini,120
100_family_100_gemini,120
10_family_10_gemini,120
11_family_11_gemini,120
12_family_12_gemini,120
13_family_13_gemini,120
14_family_14_gemini,120
15_family_15_gemini,120
16_family_16_gemini,120
17_family_17_gemini,120
18_family_18_gemini,120
19_family_19_gemini,120
20_family_20_gemini,120
21_family_21_gemini,120
22_family_22_gemini,120
23_family_23_gemini,120
24_family_24_gemini,120
25_family_25_gemini,120
26_family_26_gemini,120
27_family_27_gemini,120
28_family_28_gemini,120
29_family_29_gemini,120
30_family_30_gemini,120
31_family_31_gemini,120
32_family_32_gemini,120
33_family_33_gemini,120
34_family_34_gemini,120
35_family_35_gemini,120
36_family_36_gemini,120
37_family_37_gemini,120
38_family_38_gemini,120
39_family_39_gemini,120
40_family_40_gemini,120
41_family_41_gemini,120
42_family_42_gemini,120
43_family_43_gemini,120
44_family_44_gemini,120
45_family_45_gemini,120
46_family_46_gemini,120
47_family_47_gemini,120
48_family_48_gemini,120
49_family_49_gemini,120
50_family_50_gemini,120
51_family_51_gemini,120
52_family_52_gemini,120
53_family_53_gemini,120
54_family_54_gemini,120
55_family_55_gemini,120
56_family_56_gemini,120
57_family_57_gemini,120
58_family_58_gemini,120
59_family_59_gemini,120
60_family_60_gemini,120
61_family_61_gemini,120
62_family_62_gemini,120
63_family_63_gemini,120
64_family_64_gemini,120
65_family_65_gemini,120
66_family_66_gemini,120
67_family_67_gemini,120
68_family_68_gemini,120
69_family_69_gemini,120
70_family_70_gemini,120
71_family_71_gemini,120
72_family_72_gemini,120
73_family_73_gemini,120
74_family_74_gemini,120
75_family_75_gemini,120
76_family_76_gemini,120
77_family_77_gemini,120
78_family_78_gemini,120
79_family_79_gemini,120
80_family_80_gemini,120
81_family_81_gemini,120
82_family_82_gemini,120
83_family_83_gemini,120
84_family_84_gemini,120
85_family_85_gemini,120
86_family_86_gemini,120
87_family_87_gemini,120
88_family_88_gemini,120
89_family_89_gemini,120
90_family_90_gemini,120
91_family_91_gemini,120
92_family_92_gemini,120
93_family_93_gemini,120
94_family_94_gemini,120
95_family_95_gemini,120
96_family_96_gemini,120
97_family_97_gemini,120
98_family_98_gemini,120
99_family_99_gemini,120
